farm_id,date,sensor_type,region,crop_type,reading_value_mean,reading_value_min,reading_value_max,reading_value_std,reading_value_count
FARM_001,2023-01-04,Temperature,Aberdeenshire,Wheat,73.4,73.4,73.4,,1
FARM_001,2023-01-05,Temperature,Aberdeenshire,Wheat,28.84,28.84,28.84,,1
FARM_001,2023-01-09,Temperature,Aberdeenshire,Wheat,30.5,30.5,30.5,,1
FARM_001,2023-01-15,Temperature,Aberdeenshire,Wheat,61.98,61.98,61.98,,1
FARM_001,2023-01-16,Temperature,Aberdeenshire,Wheat,43.07,43.07,43.07,,1
FARM_001,2023-01-24,Temperature,Aberdeenshire,Wheat,56.36,56.36,56.36,,1
FARM_001,2023-01-25,Temperature,Aberdeenshire,Wheat,9.74,9.74,9.74,,1
FARM_001,2023-02-03,Temperature,Aberdeenshire,Wheat,71.98,71.98,71.98,,1
FARM_001,2023-02-17,Temperature,Aberdeenshire,Wheat,70.92,70.92,70.92,,1
FARM_001,2023-02-21,Temperature,Aberdeenshire,Wheat,41.47,41.47,41.47,,1
FARM_001,2023-02-22,Temperature,Aberdeenshire,Wheat,54.04,54.04,54.04,,1
FARM_001,2023-02-26,Temperature,Aberdeenshire,Wheat,31.58,31.58,31.58,,1
FARM_001,2023-02-27,Temperature,Aberdeenshire,Wheat,74.22,74.22,74.22,,1
FARM_001,2023-02-28,Temperature,Aberdeenshire,Wheat,12.72,12.72,12.72,,1
FARM_001,2023-03-08,Temperature,Aberdeenshire,Wheat,36.65,36.65,36.65,,1
FARM_001,2023-03-09,Temperature,Aberdeenshire,Wheat,28.29,28.29,28.29,,1
FARM_001,2023-03-13,Temperature,Aberdeenshire,Wheat,5.21,5.21,5.21,,1
FARM_001,2023-03-15,Temperature,Aberdeenshire,Wheat,9.27,9.27,9.27,,1
FARM_001,2023-03-25,Temperature,Aberdeenshire,Wheat,13.46,13.46,13.46,,1
FARM_001,2023-04-19,Temperature,Aberdeenshire,Wheat,41.61,41.61,41.61,,1
FARM_001,2023-04-29,Temperature,Aberdeenshire,Wheat,58.79,57.38,60.2,1.99,2
FARM_001,2023-05-12,Temperature,Aberdeenshire,Wheat,26.9,26.68,27.11,0.3,2
FARM_001,2023-05-19,Temperature,Aberdeenshire,Wheat,35.08,16.46,53.7,26.33,2
FARM_001,2023-05-22,Temperature,Aberdeenshire,Wheat,18.82,18.82,18.82,,1
FARM_001,2023-05-30,Temperature,Aberdeenshire,Wheat,5.5,5.5,5.5,,1
FARM_001,2023-06-04,Temperature,Aberdeenshire,Wheat,22.77,22.77,22.77,,1
FARM_001,2023-06-06,Temperature,Aberdeenshire,Wheat,63.44,63.44,63.44,,1
FARM_001,2023-06-08,Temperature,Aberdeenshire,Wheat,66.52,66.52,66.52,,1
FARM_001,2023-06-09,Temperature,Aberdeenshire,Wheat,60.3,60.3,60.3,,1
FARM_001,2023-06-13,Temperature,Aberdeenshire,Wheat,46.05,46.05,46.05,,1
FARM_001,2023-06-27,Temperature,Aberdeenshire,Wheat,12.26,12.26,12.26,,1
FARM_001,2023-07-01,Temperature,Aberdeenshire,Wheat,45.17,44.31,46.02,1.21,2
FARM_001,2023-07-06,Temperature,Aberdeenshire,Wheat,30.22,30.22,30.22,,1
FARM_001,2023-07-07,Temperature,Aberdeenshire,Wheat,40.39,40.39,40.39,,1
FARM_001,2023-07-18,Temperature,Aberdeenshire,Wheat,32.9,32.9,32.9,,1
FARM_001,2023-08-01,Temperature,Aberdeenshire,Wheat,14.59,14.59,14.59,,1
FARM_001,2023-08-15,Temperature,Aberdeenshire,Wheat,66.7,66.7,66.7,,1
FARM_001,2023-08-16,Temperature,Aberdeenshire,Wheat,68.05,68.05,68.05,,1
FARM_001,2023-08-24,Temperature,Aberdeenshire,Wheat,59.01,59.01,59.01,,1
FARM_001,2023-08-25,Temperature,Aberdeenshire,Wheat,33.04,33.04,33.04,,1
FARM_001,2023-08-30,Temperature,Aberdeenshire,Wheat,53.27,53.27,53.27,,1
FARM_001,2023-08-31,Temperature,Aberdeenshire,Wheat,41.48,15.23,67.72,37.12,2
FARM_001,2023-09-05,Temperature,Aberdeenshire,Wheat,10.7,10.7,10.7,,1
FARM_001,2023-09-17,Temperature,Aberdeenshire,Wheat,19.92,19.92,19.92,,1
FARM_001,2023-09-27,Temperature,Aberdeenshire,Wheat,17.87,17.87,17.87,,1
FARM_001,2023-10-01,Temperature,Aberdeenshire,Wheat,53.02,53.02,53.02,,1
FARM_001,2023-10-02,Temperature,Aberdeenshire,Wheat,51.83,51.83,51.83,,1
FARM_001,2023-10-03,Temperature,Aberdeenshire,Wheat,26.91,26.91,26.91,,1
FARM_001,2023-10-13,Temperature,Aberdeenshire,Wheat,16.16,16.16,16.16,,1
FARM_001,2023-10-17,Temperature,Aberdeenshire,Wheat,38.38,38.38,38.38,,1
FARM_001,2023-10-20,Temperature,Aberdeenshire,Wheat,33.2,29.85,36.55,4.74,2
FARM_002,2023-01-02,Temperature,Fife,Peas,35.41,35.41,35.41,,1
FARM_002,2023-01-05,Temperature,Fife,Peas,66.5,66.5,66.5,,1
FARM_002,2023-01-13,Temperature,Fife,Peas,31.99,31.99,31.99,,1
FARM_002,2023-01-20,Temperature,Fife,Peas,74.57,74.57,74.57,,1
FARM_002,2023-01-27,Temperature,Fife,Peas,73.93,73.93,73.93,,1
FARM_002,2023-01-31,Temperature,Fife,Peas,19.48,19.48,19.48,,1
FARM_002,2023-02-02,Temperature,Fife,Peas,53.49,51.12,55.86,3.35,2
FARM_002,2023-02-15,Temperature,Fife,Peas,66.76,54.53,78.99,17.3,2
FARM_002,2023-02-20,Temperature,Fife,Peas,41.66,41.66,41.66,,1
FARM_002,2023-02-25,Temperature,Fife,Peas,41.67,41.67,41.67,,1
FARM_002,2023-02-28,Temperature,Fife,Peas,28.25,22.93,33.57,7.52,2
FARM_002,2023-03-17,Temperature,Fife,Peas,46.16,46.16,46.16,,1
FARM_002,2023-03-18,Temperature,Fife,Peas,41.47,41.47,41.47,,1
FARM_002,2023-03-22,Temperature,Fife,Peas,18.35,18.35,18.35,,1
FARM_002,2023-05-06,Temperature,Fife,Peas,10.88,10.88,10.88,,1
FARM_002,2023-05-21,Temperature,Fife,Peas,5.34,5.34,5.34,,1
FARM_002,2023-05-31,Temperature,Fife,Peas,51.36,51.36,51.36,,1
FARM_002,2023-06-12,Temperature,Fife,Peas,10.03,10.03,10.03,,1
FARM_002,2023-06-27,Temperature,Fife,Peas,24.11,24.11,24.11,,1
FARM_002,2023-07-01,Temperature,Fife,Peas,75.2,75.2,75.2,,1
FARM_002,2023-07-08,Temperature,Fife,Peas,53.76,53.76,53.76,,1
FARM_002,2023-07-21,Temperature,Fife,Peas,74.21,74.21,74.21,,1
FARM_002,2023-07-27,Temperature,Fife,Peas,71.4,71.4,71.4,,1
FARM_002,2023-08-06,Temperature,Fife,Peas,71.97,71.97,71.97,,1
FARM_002,2023-08-14,Temperature,Fife,Peas,69.22,69.22,69.22,,1
FARM_002,2023-08-17,Temperature,Fife,Peas,47.16,47.16,47.16,,1
FARM_002,2023-08-18,Temperature,Fife,Peas,42.1,36.64,47.55,7.71,2
FARM_002,2023-09-18,Temperature,Fife,Peas,71.46,71.46,71.46,,1
FARM_002,2023-09-22,Temperature,Fife,Peas,45.96,37.6,54.31,11.82,2
FARM_002,2023-09-27,Temperature,Fife,Peas,24.7,24.7,24.7,,1
FARM_002,2023-09-30,Temperature,Fife,Peas,50.12,50.12,50.12,,1
FARM_002,2023-10-06,Temperature,Fife,Peas,60.04,60.04,60.04,,1
FARM_002,2023-10-28,Temperature,Fife,Peas,9.49,9.49,9.49,,1
FARM_003,2023-01-02,Temperature,Highlands,Carrots,39.13,39.13,39.13,,1
FARM_003,2023-01-07,Temperature,Highlands,Carrots,58.5,58.5,58.5,,1
FARM_003,2023-01-13,Temperature,Highlands,Carrots,60.76,60.76,60.76,,1
FARM_003,2023-01-19,Temperature,Highlands,Carrots,60.25,60.25,60.25,,1
FARM_003,2023-01-23,Temperature,Highlands,Carrots,59.25,59.25,59.25,,1
FARM_003,2023-01-29,Temperature,Highlands,Carrots,49.22,49.22,49.22,,1
FARM_003,2023-02-03,Temperature,Highlands,Carrots,35.01,35.01,35.01,,1
FARM_003,2023-02-19,Temperature,Highlands,Carrots,16.17,16.17,16.17,,1
FARM_003,2023-02-25,Temperature,Highlands,Carrots,49.32,49.32,49.32,,1
FARM_003,2023-03-05,Temperature,Highlands,Carrots,7.8,7.8,7.8,,1
FARM_003,2023-03-19,Temperature,Highlands,Carrots,26.44,26.44,26.44,,1
FARM_003,2023-04-08,Temperature,Highlands,Carrots,42.09,42.09,42.09,,1
FARM_003,2023-04-09,Temperature,Highlands,Carrots,46.12,46.12,46.12,,1
FARM_003,2023-04-17,Temperature,Highlands,Carrots,12.56,12.56,12.56,,1
FARM_003,2023-04-23,Temperature,Highlands,Carrots,17.86,17.86,17.86,,1
FARM_003,2023-05-21,Temperature,Highlands,Carrots,73.92,73.92,73.92,,1
FARM_003,2023-05-24,Temperature,Highlands,Carrots,12.88,12.88,12.88,,1
FARM_003,2023-05-28,Temperature,Highlands,Carrots,6.86,6.86,6.86,,1
FARM_003,2023-05-29,Temperature,Highlands,Carrots,78.5,78.5,78.5,,1
FARM_003,2023-06-09,Temperature,Highlands,Carrots,79.64,79.64,79.64,,1
FARM_003,2023-06-16,Temperature,Highlands,Carrots,60.37,60.37,60.37,,1
FARM_003,2023-06-18,Temperature,Highlands,Carrots,40.57,40.57,40.57,,1
FARM_003,2023-07-04,Temperature,Highlands,Carrots,59.71,59.71,59.71,,1
FARM_003,2023-07-06,Temperature,Highlands,Carrots,58.12,58.12,58.12,,1
FARM_003,2023-07-07,Temperature,Highlands,Carrots,39.14,39.14,39.14,,1
FARM_003,2023-07-10,Temperature,Highlands,Carrots,49.68,49.68,49.68,,1
FARM_003,2023-07-11,Temperature,Highlands,Carrots,32.4,32.4,32.4,,1
FARM_003,2023-08-10,Temperature,Highlands,Carrots,20.48,20.48,20.48,,1
FARM_003,2023-08-29,Temperature,Highlands,Carrots,8.47,8.47,8.47,,1
FARM_003,2023-09-01,Temperature,Highlands,Carrots,12.1,12.1,12.1,,1
FARM_003,2023-09-10,Temperature,Highlands,Carrots,22.3,22.3,22.3,,1
FARM_003,2023-09-21,Temperature,Highlands,Carrots,70.52,70.52,70.52,,1
FARM_003,2023-10-01,Temperature,Highlands,Carrots,11.23,11.23,11.23,,1
FARM_003,2023-10-23,Temperature,Highlands,Carrots,63.16,63.16,63.16,,1
FARM_003,2023-10-28,Temperature,Highlands,Carrots,46.66,17.52,75.79,41.2,2
FARM_004,2023-01-05,Temperature,Aberdeenshire,Rye,74.11,74.11,74.11,,1
FARM_004,2023-01-09,Temperature,Aberdeenshire,Rye,38.28,38.28,38.28,,1
FARM_004,2023-01-15,Temperature,Aberdeenshire,Rye,78.8,78.8,78.8,,1
FARM_004,2023-02-07,Temperature,Aberdeenshire,Rye,18.28,18.28,18.28,,1
FARM_004,2023-02-11,Temperature,Aberdeenshire,Rye,10.02,10.02,10.02,,1
FARM_004,2023-02-15,Temperature,Aberdeenshire,Rye,61.4,61.4,61.4,,1
FARM_004,2023-03-01,Temperature,Aberdeenshire,Rye,50.8,30.7,70.9,28.43,2
FARM_004,2023-03-05,Temperature,Aberdeenshire,Rye,37.15,37.15,37.15,,1
FARM_004,2023-03-07,Temperature,Aberdeenshire,Rye,12.03,12.03,12.03,,1
FARM_004,2023-03-21,Temperature,Aberdeenshire,Rye,66.29,61.41,71.17,6.9,2
FARM_004,2023-03-31,Temperature,Aberdeenshire,Rye,73.55,73.55,73.55,,1
FARM_004,2023-04-10,Temperature,Aberdeenshire,Rye,7.73,7.73,7.73,,1
FARM_004,2023-04-15,Temperature,Aberdeenshire,Rye,18.76,18.76,18.76,,1
FARM_004,2023-04-26,Temperature,Aberdeenshire,Rye,67.49,67.49,67.49,,1
FARM_004,2023-04-29,Temperature,Aberdeenshire,Rye,33.43,33.43,33.43,,1
FARM_004,2023-05-01,Temperature,Aberdeenshire,Rye,68.46,68.46,68.46,,1
FARM_004,2023-05-05,Temperature,Aberdeenshire,Rye,65.05,65.05,65.05,,1
FARM_004,2023-05-06,Temperature,Aberdeenshire,Rye,35.12,35.12,35.12,,1
FARM_004,2023-05-14,Temperature,Aberdeenshire,Rye,7.42,7.42,7.42,,1
FARM_004,2023-05-15,Temperature,Aberdeenshire,Rye,20.35,20.35,20.35,,1
FARM_004,2023-05-25,Temperature,Aberdeenshire,Rye,17.65,17.65,17.65,,1
FARM_004,2023-05-30,Temperature,Aberdeenshire,Rye,25.05,25.05,25.05,,1
FARM_004,2023-06-02,Temperature,Aberdeenshire,Rye,65.65,65.65,65.65,,1
FARM_004,2023-06-22,Temperature,Aberdeenshire,Rye,46.08,46.08,46.08,,1
FARM_004,2023-07-07,Temperature,Aberdeenshire,Rye,15.98,15.98,15.98,,1
FARM_004,2023-07-10,Temperature,Aberdeenshire,Rye,24.27,18.18,30.36,8.61,2
FARM_004,2023-07-14,Temperature,Aberdeenshire,Rye,69.4,63.92,74.89,7.76,2
FARM_004,2023-07-15,Temperature,Aberdeenshire,Rye,31.26,31.26,31.26,,1
FARM_004,2023-07-19,Temperature,Aberdeenshire,Rye,39.94,24.34,55.53,22.05,2
FARM_004,2023-07-20,Temperature,Aberdeenshire,Rye,43.45,43.45,43.45,,1
FARM_004,2023-07-30,Temperature,Aberdeenshire,Rye,11.06,11.06,11.06,,1
FARM_004,2023-08-06,Temperature,Aberdeenshire,Rye,30.09,30.09,30.09,,1
FARM_004,2023-08-15,Temperature,Aberdeenshire,Rye,43.15,24.51,61.79,26.36,2
FARM_004,2023-08-23,Temperature,Aberdeenshire,Rye,60.52,60.52,60.52,,1
FARM_004,2023-08-24,Temperature,Aberdeenshire,Rye,58.41,58.41,58.41,,1
FARM_004,2023-08-31,Temperature,Aberdeenshire,Rye,48.48,48.48,48.48,,1
FARM_004,2023-09-01,Temperature,Aberdeenshire,Rye,61.1,61.1,61.1,,1
FARM_004,2023-09-12,Temperature,Aberdeenshire,Rye,52.46,48.04,56.89,6.26,2
FARM_004,2023-09-15,Temperature,Aberdeenshire,Rye,28.51,28.51,28.51,,1
FARM_004,2023-09-18,Temperature,Aberdeenshire,Rye,5.05,5.05,5.05,,1
FARM_004,2023-09-25,Temperature,Aberdeenshire,Rye,56.87,40.56,73.18,23.07,2
FARM_004,2023-10-07,Temperature,Aberdeenshire,Rye,11.19,5.57,16.81,7.95,2
FARM_004,2023-10-13,Temperature,Aberdeenshire,Rye,73.0,73.0,73.0,,1
FARM_004,2023-10-21,Temperature,Aberdeenshire,Rye,77.3,77.3,77.3,,1
FARM_004,2023-10-26,Temperature,Aberdeenshire,Rye,44.07,44.07,44.07,,1
FARM_004,2023-10-28,Temperature,Aberdeenshire,Rye,35.98,35.98,35.98,,1
FARM_005,2023-01-08,Temperature,Aberdeenshire,Wheat,12.05,12.05,12.05,,1
FARM_005,2023-01-16,Temperature,Aberdeenshire,Wheat,33.47,33.47,33.47,,1
FARM_005,2023-01-20,Temperature,Aberdeenshire,Wheat,79.71,79.71,79.71,,1
FARM_005,2023-01-30,Temperature,Aberdeenshire,Wheat,25.41,25.41,25.41,,1
FARM_005,2023-02-04,Temperature,Aberdeenshire,Wheat,10.68,10.68,10.68,,1
FARM_005,2023-02-05,Temperature,Aberdeenshire,Wheat,51.73,51.73,51.73,,1
FARM_005,2023-02-07,Temperature,Aberdeenshire,Wheat,77.01,77.01,77.01,,1
FARM_005,2023-02-14,Temperature,Aberdeenshire,Wheat,47.38,47.38,47.38,,1
FARM_005,2023-02-19,Temperature,Aberdeenshire,Wheat,17.69,17.69,17.69,,1
FARM_005,2023-02-22,Temperature,Aberdeenshire,Wheat,70.75,70.75,70.75,,1
FARM_005,2023-03-07,Temperature,Aberdeenshire,Wheat,48.4,48.4,48.4,,1
FARM_005,2023-03-08,Temperature,Aberdeenshire,Wheat,49.52,49.52,49.52,,1
FARM_005,2023-03-11,Temperature,Aberdeenshire,Wheat,35.65,35.65,35.65,,1
FARM_005,2023-03-27,Temperature,Aberdeenshire,Wheat,72.27,72.27,72.27,,1
FARM_005,2023-04-04,Temperature,Aberdeenshire,Wheat,67.41,67.41,67.41,,1
FARM_005,2023-04-13,Temperature,Aberdeenshire,Wheat,29.49,29.49,29.49,,1
FARM_005,2023-04-16,Temperature,Aberdeenshire,Wheat,71.36,62.83,79.89,12.06,2
FARM_005,2023-05-06,Temperature,Aberdeenshire,Wheat,47.43,47.43,47.43,,1
FARM_005,2023-05-16,Temperature,Aberdeenshire,Wheat,50.47,50.47,50.47,,1
FARM_005,2023-05-21,Temperature,Aberdeenshire,Wheat,67.92,58.21,77.62,13.72,2
FARM_005,2023-06-08,Temperature,Aberdeenshire,Wheat,49.45,49.45,49.45,,1
FARM_005,2023-07-09,Temperature,Aberdeenshire,Wheat,10.36,10.36,10.36,,1
FARM_005,2023-07-20,Temperature,Aberdeenshire,Wheat,14.97,14.97,14.97,,1
FARM_005,2023-07-21,Temperature,Aberdeenshire,Wheat,65.79,65.79,65.79,,1
FARM_005,2023-07-25,Temperature,Aberdeenshire,Wheat,55.62,55.62,55.62,,1
FARM_005,2023-08-03,Temperature,Aberdeenshire,Wheat,30.1,30.1,30.1,,1
FARM_005,2023-08-09,Temperature,Aberdeenshire,Wheat,35.23,35.23,35.23,,1
FARM_005,2023-08-11,Temperature,Aberdeenshire,Wheat,46.78,46.78,46.78,,1
FARM_005,2023-08-16,Temperature,Aberdeenshire,Wheat,6.78,6.78,6.78,,1
FARM_005,2023-08-18,Temperature,Aberdeenshire,Wheat,37.01,37.01,37.01,,1
FARM_005,2023-08-22,Temperature,Aberdeenshire,Wheat,57.44,57.44,57.44,,1
FARM_005,2023-08-29,Temperature,Aberdeenshire,Wheat,27.3,27.3,27.3,,1
FARM_005,2023-09-05,Temperature,Aberdeenshire,Wheat,53.06,33.3,72.82,27.94,2
FARM_005,2023-09-06,Temperature,Aberdeenshire,Wheat,37.16,20.57,53.75,23.46,2
FARM_005,2023-09-07,Temperature,Aberdeenshire,Wheat,7.7,7.7,7.7,,1
FARM_005,2023-09-09,Temperature,Aberdeenshire,Wheat,52.72,52.72,52.72,,1
FARM_005,2023-09-13,Temperature,Aberdeenshire,Wheat,9.62,9.62,9.62,,1
FARM_005,2023-09-15,Temperature,Aberdeenshire,Wheat,37.06,25.48,48.65,16.38,2
FARM_005,2023-09-21,Temperature,Aberdeenshire,Wheat,64.9,64.9,64.9,,1
FARM_005,2023-09-26,Temperature,Aberdeenshire,Wheat,15.98,15.98,15.98,,1
FARM_005,2023-10-07,Temperature,Aberdeenshire,Wheat,30.3,30.3,30.3,,1
FARM_005,2023-10-09,Temperature,Aberdeenshire,Wheat,15.89,15.89,15.89,,1
FARM_005,2023-10-13,Temperature,Aberdeenshire,Wheat,10.25,10.25,10.25,,1
FARM_005,2023-10-20,Temperature,Aberdeenshire,Wheat,62.91,62.91,62.91,,1
FARM_005,2023-10-25,Temperature,Aberdeenshire,Wheat,63.69,63.69,63.69,,1
FARM_006,2023-01-11,Temperature,Highlands,Wheat,7.74,7.74,7.74,,1
FARM_006,2023-01-12,Temperature,Highlands,Wheat,34.68,34.68,34.68,,1
FARM_006,2023-01-14,Temperature,Highlands,Wheat,10.11,10.11,10.11,,1
FARM_006,2023-01-17,Temperature,Highlands,Wheat,36.18,36.18,36.18,,1
FARM_006,2023-01-31,Temperature,Highlands,Wheat,48.84,48.84,48.84,,1
FARM_006,2023-02-03,Temperature,Highlands,Wheat,37.98,37.98,37.98,,1
FARM_006,2023-02-12,Temperature,Highlands,Wheat,61.61,61.61,61.61,,1
FARM_006,2023-02-20,Temperature,Highlands,Wheat,22.83,22.83,22.83,,1
FARM_006,2023-02-26,Temperature,Highlands,Wheat,16.66,9.3,24.02,10.41,2
FARM_006,2023-02-27,Temperature,Highlands,Wheat,71.01,71.01,71.01,,1
FARM_006,2023-03-09,Temperature,Highlands,Wheat,73.62,73.62,73.62,,1
FARM_006,2023-03-13,Temperature,Highlands,Wheat,9.91,9.91,9.91,,1
FARM_006,2023-03-25,Temperature,Highlands,Wheat,78.4,78.4,78.4,,1
FARM_006,2023-03-30,Temperature,Highlands,Wheat,21.94,21.94,21.94,,1
FARM_006,2023-05-11,Temperature,Highlands,Wheat,66.01,66.01,66.01,,1
FARM_006,2023-05-13,Temperature,Highlands,Wheat,46.36,16.84,75.88,41.75,2
FARM_006,2023-05-22,Temperature,Highlands,Wheat,27.41,27.41,27.41,,1
FARM_006,2023-05-23,Temperature,Highlands,Wheat,13.89,13.89,13.89,,1
FARM_006,2023-06-02,Temperature,Highlands,Wheat,70.92,70.92,70.92,,1
FARM_006,2023-06-04,Temperature,Highlands,Wheat,51.91,51.91,51.91,,1
FARM_006,2023-06-05,Temperature,Highlands,Wheat,27.24,27.24,27.24,,1
FARM_006,2023-06-08,Temperature,Highlands,Wheat,50.94,23.23,78.64,39.18,2
FARM_006,2023-06-25,Temperature,Highlands,Wheat,61.05,61.05,61.05,,1
FARM_006,2023-07-04,Temperature,Highlands,Wheat,63.02,63.02,63.02,,1
FARM_006,2023-07-06,Temperature,Highlands,Wheat,7.69,7.69,7.69,,1
FARM_006,2023-07-28,Temperature,Highlands,Wheat,71.56,71.56,71.56,,1
FARM_006,2023-08-01,Temperature,Highlands,Wheat,37.33,37.33,37.33,,1
FARM_006,2023-08-09,Temperature,Highlands,Wheat,62.24,62.24,62.24,,1
FARM_006,2023-08-14,Temperature,Highlands,Wheat,41.94,10.08,73.81,45.06,2
FARM_006,2023-08-18,Temperature,Highlands,Wheat,63.03,63.03,63.03,,1
FARM_006,2023-08-19,Temperature,Highlands,Wheat,12.56,12.56,12.56,,1
FARM_006,2023-08-21,Temperature,Highlands,Wheat,26.31,26.31,26.31,,1
FARM_006,2023-08-23,Temperature,Highlands,Wheat,13.95,13.95,13.95,,1
FARM_006,2023-08-24,Temperature,Highlands,Wheat,60.69,60.69,60.69,,1
FARM_006,2023-09-09,Temperature,Highlands,Wheat,21.92,21.92,21.92,,1
FARM_006,2023-09-12,Temperature,Highlands,Wheat,45.62,45.62,45.62,,1
FARM_006,2023-09-13,Temperature,Highlands,Wheat,45.34,45.34,45.34,,1
FARM_006,2023-09-17,Temperature,Highlands,Wheat,69.04,69.04,69.04,,1
FARM_006,2023-09-20,Temperature,Highlands,Wheat,32.82,32.82,32.82,,1
FARM_006,2023-09-21,Temperature,Highlands,Wheat,48.61,48.61,48.61,,1
FARM_006,2023-10-22,Temperature,Highlands,Wheat,68.13,68.13,68.13,,1
FARM_007,2023-01-12,Temperature,Aberdeenshire,Rye,36.42,36.42,36.42,,1
FARM_007,2023-01-18,Temperature,Aberdeenshire,Rye,60.3,60.3,60.3,,1
FARM_007,2023-02-01,Temperature,Aberdeenshire,Rye,73.5,73.5,73.5,,1
FARM_007,2023-02-08,Temperature,Aberdeenshire,Rye,57.59,57.59,57.59,,1
FARM_007,2023-02-12,Temperature,Aberdeenshire,Rye,58.4,58.4,58.4,,1
FARM_007,2023-02-15,Temperature,Aberdeenshire,Rye,45.19,45.19,45.19,,1
FARM_007,2023-02-20,Temperature,Aberdeenshire,Rye,31.81,31.81,31.81,,1
FARM_007,2023-03-02,Temperature,Aberdeenshire,Rye,23.03,23.03,23.03,,1
FARM_007,2023-03-08,Temperature,Aberdeenshire,Rye,41.01,41.01,41.01,,1
FARM_007,2023-03-16,Temperature,Aberdeenshire,Rye,53.48,53.48,53.48,,1
FARM_007,2023-03-17,Temperature,Aberdeenshire,Rye,9.55,9.55,9.55,,1
FARM_007,2023-03-26,Temperature,Aberdeenshire,Rye,22.02,22.02,22.02,,1
FARM_007,2023-03-29,Temperature,Aberdeenshire,Rye,9.53,9.53,9.53,,1
FARM_007,2023-03-31,Temperature,Aberdeenshire,Rye,47.28,47.28,47.28,,1
FARM_007,2023-04-01,Temperature,Aberdeenshire,Rye,70.92,70.92,70.92,,1
FARM_007,2023-04-03,Temperature,Aberdeenshire,Rye,76.39,76.39,76.39,,1
FARM_007,2023-04-11,Temperature,Aberdeenshire,Rye,60.23,60.23,60.23,,1
FARM_007,2023-04-13,Temperature,Aberdeenshire,Rye,74.48,74.48,74.48,,1
FARM_007,2023-04-15,Temperature,Aberdeenshire,Rye,76.87,76.87,76.87,,1
FARM_007,2023-04-18,Temperature,Aberdeenshire,Rye,46.07,46.07,46.07,,1
FARM_007,2023-04-19,Temperature,Aberdeenshire,Rye,38.09,38.09,38.09,,1
FARM_007,2023-04-23,Temperature,Aberdeenshire,Rye,9.24,9.24,9.24,,1
FARM_007,2023-04-25,Temperature,Aberdeenshire,Rye,76.98,76.98,76.98,,1
FARM_007,2023-04-26,Temperature,Aberdeenshire,Rye,65.37,65.37,65.37,,1
FARM_007,2023-05-08,Temperature,Aberdeenshire,Rye,43.74,43.74,43.74,,1
FARM_007,2023-05-14,Temperature,Aberdeenshire,Rye,29.43,29.43,29.43,,1
FARM_007,2023-05-25,Temperature,Aberdeenshire,Rye,21.48,21.48,21.48,,1
FARM_007,2023-05-31,Temperature,Aberdeenshire,Rye,54.94,54.94,54.94,,1
FARM_007,2023-06-02,Temperature,Aberdeenshire,Rye,29.87,29.87,29.87,,1
FARM_007,2023-06-06,Temperature,Aberdeenshire,Rye,51.57,51.57,51.57,,1
FARM_007,2023-06-10,Temperature,Aberdeenshire,Rye,53.76,53.76,53.76,,1
FARM_007,2023-06-15,Temperature,Aberdeenshire,Rye,46.14,46.14,46.14,,1
FARM_007,2023-06-18,Temperature,Aberdeenshire,Rye,64.55,64.55,64.55,,1
FARM_007,2023-06-25,Temperature,Aberdeenshire,Rye,39.93,39.93,39.93,,1
FARM_007,2023-07-06,Temperature,Aberdeenshire,Rye,22.06,22.06,22.06,,1
FARM_007,2023-07-10,Temperature,Aberdeenshire,Rye,35.66,35.66,35.66,,1
FARM_007,2023-07-12,Temperature,Aberdeenshire,Rye,44.73,44.73,44.73,,1
FARM_007,2023-07-19,Temperature,Aberdeenshire,Rye,25.17,25.17,25.17,,1
FARM_007,2023-08-03,Temperature,Aberdeenshire,Rye,18.13,18.13,18.13,,1
FARM_007,2023-08-16,Temperature,Aberdeenshire,Rye,51.68,51.68,51.68,,1
FARM_007,2023-08-22,Temperature,Aberdeenshire,Rye,44.78,44.78,44.78,,1
FARM_007,2023-08-26,Temperature,Aberdeenshire,Rye,60.17,60.17,60.17,,1
FARM_007,2023-09-01,Temperature,Aberdeenshire,Rye,76.98,76.98,76.98,,1
FARM_007,2023-09-05,Temperature,Aberdeenshire,Rye,36.47,36.47,36.47,,1
FARM_007,2023-09-07,Temperature,Aberdeenshire,Rye,54.07,54.07,54.07,,1
FARM_007,2023-09-10,Temperature,Aberdeenshire,Rye,72.91,72.91,72.91,,1
FARM_007,2023-09-14,Temperature,Aberdeenshire,Rye,75.4,75.4,75.4,,1
FARM_007,2023-09-15,Temperature,Aberdeenshire,Rye,12.63,12.63,12.63,,1
FARM_007,2023-09-17,Temperature,Aberdeenshire,Rye,34.49,34.49,34.49,,1
FARM_007,2023-09-18,Temperature,Aberdeenshire,Rye,56.74,56.74,56.74,,1
FARM_007,2023-09-20,Temperature,Aberdeenshire,Rye,51.29,51.29,51.29,,1
FARM_007,2023-09-24,Temperature,Aberdeenshire,Rye,28.75,28.75,28.75,,1
FARM_007,2023-09-25,Temperature,Aberdeenshire,Rye,26.49,26.49,26.49,,1
FARM_007,2023-09-30,Temperature,Aberdeenshire,Rye,17.57,17.57,17.57,,1
FARM_007,2023-10-03,Temperature,Aberdeenshire,Rye,65.79,65.79,65.79,,1
FARM_007,2023-10-05,Temperature,Aberdeenshire,Rye,26.22,26.22,26.22,,1
FARM_007,2023-10-10,Temperature,Aberdeenshire,Rye,33.09,33.09,33.09,,1
FARM_007,2023-10-16,Temperature,Aberdeenshire,Rye,9.04,9.04,9.04,,1
FARM_007,2023-10-23,Temperature,Aberdeenshire,Rye,78.45,78.45,78.45,,1
FARM_007,2023-10-26,Temperature,Aberdeenshire,Rye,32.82,32.82,32.82,,1
FARM_008,2023-01-06,Temperature,Angus,Wheat,58.49,58.49,58.49,,1
FARM_008,2023-01-13,Temperature,Angus,Wheat,6.8,6.8,6.8,,1
FARM_008,2023-01-18,Temperature,Angus,Wheat,44.05,44.05,44.05,,1
FARM_008,2023-01-23,Temperature,Angus,Wheat,24.46,15.26,33.66,13.01,2
FARM_008,2023-01-26,Temperature,Angus,Wheat,39.4,39.4,39.4,,1
FARM_008,2023-02-03,Temperature,Angus,Wheat,76.2,76.2,76.2,,1
FARM_008,2023-02-09,Temperature,Angus,Wheat,63.51,63.51,63.51,,1
FARM_008,2023-02-12,Temperature,Angus,Wheat,45.7,41.4,50.01,6.09,2
FARM_008,2023-02-21,Temperature,Angus,Wheat,9.94,9.94,9.94,,1
FARM_008,2023-02-24,Temperature,Angus,Wheat,30.6,30.6,30.6,,1
FARM_008,2023-02-26,Temperature,Angus,Wheat,38.35,38.35,38.35,,1
FARM_008,2023-02-28,Temperature,Angus,Wheat,65.3,65.3,65.3,,1
FARM_008,2023-03-09,Temperature,Angus,Wheat,31.07,31.07,31.07,,1
FARM_008,2023-03-10,Temperature,Angus,Wheat,69.91,69.91,69.91,,1
FARM_008,2023-03-16,Temperature,Angus,Wheat,25.05,25.05,25.05,,1
FARM_008,2023-03-17,Temperature,Angus,Wheat,11.64,10.22,13.07,2.02,2
FARM_008,2023-03-20,Temperature,Angus,Wheat,30.09,30.09,30.09,,1
FARM_008,2023-04-01,Temperature,Angus,Wheat,72.74,72.74,72.74,,1
FARM_008,2023-04-07,Temperature,Angus,Wheat,47.01,47.01,47.01,,1
FARM_008,2023-04-08,Temperature,Angus,Wheat,51.98,26.59,77.36,35.9,2
FARM_008,2023-04-10,Temperature,Angus,Wheat,19.69,19.69,19.69,,1
FARM_008,2023-04-14,Temperature,Angus,Wheat,59.39,59.39,59.39,,1
FARM_008,2023-04-17,Temperature,Angus,Wheat,33.2,33.2,33.2,,1
FARM_008,2023-04-24,Temperature,Angus,Wheat,36.6,36.6,36.6,,1
FARM_008,2023-05-03,Temperature,Angus,Wheat,13.6,13.6,13.6,,1
FARM_008,2023-05-06,Temperature,Angus,Wheat,69.24,69.24,69.24,,1
FARM_008,2023-05-08,Temperature,Angus,Wheat,41.53,41.53,41.53,,1
FARM_008,2023-05-11,Temperature,Angus,Wheat,58.0,58.0,58.0,,1
FARM_008,2023-05-13,Temperature,Angus,Wheat,70.86,70.86,70.86,,1
FARM_008,2023-05-16,Temperature,Angus,Wheat,56.74,56.74,56.74,,1
FARM_008,2023-05-30,Temperature,Angus,Wheat,17.66,17.66,17.66,,1
FARM_008,2023-06-04,Temperature,Angus,Wheat,38.53,24.71,52.35,19.54,2
FARM_008,2023-06-15,Temperature,Angus,Wheat,36.18,25.38,46.99,15.28,2
FARM_008,2023-06-18,Temperature,Angus,Wheat,75.99,75.99,75.99,,1
FARM_008,2023-06-22,Temperature,Angus,Wheat,13.36,13.36,13.36,,1
FARM_008,2023-06-29,Temperature,Angus,Wheat,21.77,21.77,21.77,,1
FARM_008,2023-07-02,Temperature,Angus,Wheat,32.14,8.42,74.54,36.81,3
FARM_008,2023-07-08,Temperature,Angus,Wheat,10.33,10.33,10.33,,1
FARM_008,2023-07-25,Temperature,Angus,Wheat,56.29,56.29,56.29,,1
FARM_008,2023-07-28,Temperature,Angus,Wheat,13.93,13.93,13.93,,1
FARM_008,2023-08-11,Temperature,Angus,Wheat,28.95,28.95,28.95,,1
FARM_008,2023-08-15,Temperature,Angus,Wheat,7.7,7.7,7.7,,1
FARM_008,2023-08-21,Temperature,Angus,Wheat,29.11,29.11,29.11,,1
FARM_008,2023-09-09,Temperature,Angus,Wheat,73.78,73.78,73.78,,1
FARM_008,2023-09-10,Temperature,Angus,Wheat,64.61,58.03,71.19,9.31,2
FARM_008,2023-09-16,Temperature,Angus,Wheat,31.07,31.07,31.07,,1
FARM_008,2023-09-19,Temperature,Angus,Wheat,21.59,21.59,21.59,,1
FARM_008,2023-09-24,Temperature,Angus,Wheat,67.32,67.32,67.32,,1
FARM_008,2023-09-28,Temperature,Angus,Wheat,33.88,33.88,33.88,,1
FARM_008,2023-10-02,Temperature,Angus,Wheat,50.79,50.79,50.79,,1
FARM_009,2023-01-18,Temperature,Aberdeenshire,Potatoes,35.53,35.53,35.53,,1
FARM_009,2023-01-19,Temperature,Aberdeenshire,Potatoes,41.69,41.69,41.69,,1
FARM_009,2023-01-24,Temperature,Aberdeenshire,Potatoes,24.82,24.82,24.82,,1
FARM_009,2023-01-29,Temperature,Aberdeenshire,Potatoes,77.24,77.24,77.24,,1
FARM_009,2023-02-03,Temperature,Aberdeenshire,Potatoes,71.68,71.68,71.68,,1
FARM_009,2023-02-15,Temperature,Aberdeenshire,Potatoes,51.01,51.01,51.01,,1
FARM_009,2023-02-19,Temperature,Aberdeenshire,Potatoes,79.8,79.8,79.8,,1
FARM_009,2023-02-27,Temperature,Aberdeenshire,Potatoes,10.4,10.4,10.4,,1
FARM_009,2023-03-01,Temperature,Aberdeenshire,Potatoes,33.47,33.47,33.47,,1
FARM_009,2023-03-06,Temperature,Aberdeenshire,Potatoes,67.89,67.89,67.89,,1
FARM_009,2023-03-07,Temperature,Aberdeenshire,Potatoes,73.04,73.04,73.04,,1
FARM_009,2023-03-11,Temperature,Aberdeenshire,Potatoes,6.69,6.69,6.69,,1
FARM_009,2023-03-12,Temperature,Aberdeenshire,Potatoes,46.7,46.7,46.7,,1
FARM_009,2023-03-18,Temperature,Aberdeenshire,Potatoes,17.48,5.83,29.13,16.48,2
FARM_009,2023-03-22,Temperature,Aberdeenshire,Potatoes,50.61,50.61,50.61,,1
FARM_009,2023-03-27,Temperature,Aberdeenshire,Potatoes,48.56,48.56,48.56,,1
FARM_009,2023-04-04,Temperature,Aberdeenshire,Potatoes,25.88,23.06,28.69,3.98,2
FARM_009,2023-04-22,Temperature,Aberdeenshire,Potatoes,78.76,78.14,79.38,0.88,2
FARM_009,2023-05-01,Temperature,Aberdeenshire,Potatoes,52.84,52.84,52.84,,1
FARM_009,2023-05-12,Temperature,Aberdeenshire,Potatoes,60.68,60.68,60.68,,1
FARM_009,2023-05-14,Temperature,Aberdeenshire,Potatoes,75.02,75.02,75.02,,1
FARM_009,2023-06-07,Temperature,Aberdeenshire,Potatoes,18.63,18.63,18.63,,1
FARM_009,2023-06-19,Temperature,Aberdeenshire,Potatoes,46.57,46.57,46.57,,1
FARM_009,2023-06-26,Temperature,Aberdeenshire,Potatoes,57.65,57.65,57.65,,1
FARM_009,2023-07-07,Temperature,Aberdeenshire,Potatoes,8.53,8.53,8.53,,1
FARM_009,2023-07-13,Temperature,Aberdeenshire,Potatoes,30.89,30.89,30.89,,1
FARM_009,2023-07-19,Temperature,Aberdeenshire,Potatoes,72.39,72.39,72.39,,1
FARM_009,2023-07-21,Temperature,Aberdeenshire,Potatoes,49.96,49.96,49.96,,1
FARM_009,2023-07-23,Temperature,Aberdeenshire,Potatoes,46.67,46.67,46.67,,1
FARM_009,2023-07-25,Temperature,Aberdeenshire,Potatoes,72.7,72.7,72.7,,1
FARM_009,2023-07-29,Temperature,Aberdeenshire,Potatoes,22.93,22.93,22.93,,1
FARM_009,2023-08-24,Temperature,Aberdeenshire,Potatoes,30.76,30.76,30.76,,1
FARM_009,2023-08-28,Temperature,Aberdeenshire,Potatoes,54.3,54.3,54.3,,1
FARM_009,2023-09-10,Temperature,Aberdeenshire,Potatoes,12.8,12.8,12.8,,1
FARM_009,2023-09-18,Temperature,Aberdeenshire,Potatoes,62.5,62.5,62.5,,1
FARM_009,2023-09-19,Temperature,Aberdeenshire,Potatoes,13.56,13.56,13.56,,1
FARM_009,2023-09-21,Temperature,Aberdeenshire,Potatoes,59.01,59.01,59.01,,1
FARM_009,2023-09-24,Temperature,Aberdeenshire,Potatoes,18.5,18.5,18.5,,1
FARM_009,2023-09-30,Temperature,Aberdeenshire,Potatoes,30.62,30.62,30.62,,1
FARM_009,2023-10-01,Temperature,Aberdeenshire,Potatoes,45.76,45.76,45.76,,1
FARM_009,2023-10-09,Temperature,Aberdeenshire,Potatoes,78.37,78.37,78.37,,1
FARM_009,2023-10-21,Temperature,Aberdeenshire,Potatoes,53.89,53.89,53.89,,1
FARM_010,2023-01-01,Temperature,Aberdeenshire,Oats,20.95,20.95,20.95,,1
FARM_010,2023-01-05,Temperature,Aberdeenshire,Oats,44.14,40.46,47.82,5.2,2
FARM_010,2023-01-07,Temperature,Aberdeenshire,Oats,7.32,7.32,7.32,,1
FARM_010,2023-01-09,Temperature,Aberdeenshire,Oats,16.73,16.73,16.73,,1
FARM_010,2023-01-14,Temperature,Aberdeenshire,Oats,49.31,49.31,49.31,,1
FARM_010,2023-01-21,Temperature,Aberdeenshire,Oats,33.07,33.07,33.07,,1
FARM_010,2023-01-22,Temperature,Aberdeenshire,Oats,18.09,11.71,24.47,9.02,2
FARM_010,2023-01-25,Temperature,Aberdeenshire,Oats,13.67,13.67,13.67,,1
FARM_010,2023-02-11,Temperature,Aberdeenshire,Oats,51.42,51.42,51.42,,1
FARM_010,2023-02-21,Temperature,Aberdeenshire,Oats,22.19,22.19,22.19,,1
FARM_010,2023-02-28,Temperature,Aberdeenshire,Oats,71.33,71.33,71.33,,1
FARM_010,2023-03-15,Temperature,Aberdeenshire,Oats,39.8,39.8,39.8,,1
FARM_010,2023-03-18,Temperature,Aberdeenshire,Oats,60.67,60.67,60.67,,1
FARM_010,2023-03-19,Temperature,Aberdeenshire,Oats,56.82,56.82,56.82,,1
FARM_010,2023-04-01,Temperature,Aberdeenshire,Oats,55.56,39.33,71.79,22.95,2
FARM_010,2023-04-02,Temperature,Aberdeenshire,Oats,36.81,7.63,65.99,41.27,2
FARM_010,2023-04-04,Temperature,Aberdeenshire,Oats,79.77,79.77,79.77,,1
FARM_010,2023-04-15,Temperature,Aberdeenshire,Oats,75.04,75.04,75.04,,1
FARM_010,2023-04-22,Temperature,Aberdeenshire,Oats,10.06,10.06,10.06,,1
FARM_010,2023-05-07,Temperature,Aberdeenshire,Oats,42.0,42.0,42.0,,1
FARM_010,2023-05-13,Temperature,Aberdeenshire,Oats,9.07,9.07,9.07,,1
FARM_010,2023-05-25,Temperature,Aberdeenshire,Oats,46.11,46.11,46.11,,1
FARM_010,2023-06-03,Temperature,Aberdeenshire,Oats,17.09,17.09,17.09,,1
FARM_010,2023-06-10,Temperature,Aberdeenshire,Oats,44.38,44.38,44.38,,1
FARM_010,2023-06-12,Temperature,Aberdeenshire,Oats,5.51,5.51,5.51,,1
FARM_010,2023-06-20,Temperature,Aberdeenshire,Oats,53.19,53.19,53.19,,1
FARM_010,2023-06-25,Temperature,Aberdeenshire,Oats,55.51,55.51,55.51,,1
FARM_010,2023-07-08,Temperature,Aberdeenshire,Oats,33.35,20.37,46.33,18.36,2
FARM_010,2023-08-06,Temperature,Aberdeenshire,Oats,79.87,79.87,79.87,,1
FARM_010,2023-08-20,Temperature,Aberdeenshire,Oats,50.43,50.43,50.43,,1
FARM_010,2023-08-22,Temperature,Aberdeenshire,Oats,61.19,61.19,61.19,,1
FARM_010,2023-08-23,Temperature,Aberdeenshire,Oats,24.75,5.7,43.8,26.94,2
FARM_010,2023-08-27,Temperature,Aberdeenshire,Oats,66.32,66.32,66.32,,1
FARM_010,2023-09-03,Temperature,Aberdeenshire,Oats,75.06,75.06,75.06,,1
FARM_010,2023-09-06,Temperature,Aberdeenshire,Oats,29.15,29.15,29.15,,1
FARM_010,2023-09-07,Temperature,Aberdeenshire,Oats,16.62,16.62,16.62,,1
FARM_010,2023-09-09,Temperature,Aberdeenshire,Oats,46.13,46.13,46.13,,1
FARM_010,2023-09-10,Temperature,Aberdeenshire,Oats,63.67,63.67,63.67,,1
FARM_010,2023-09-14,Temperature,Aberdeenshire,Oats,19.29,19.29,19.29,,1
FARM_010,2023-09-21,Temperature,Aberdeenshire,Oats,40.6,9.89,71.31,43.43,2
FARM_010,2023-09-22,Temperature,Aberdeenshire,Oats,59.06,59.06,59.06,,1
FARM_010,2023-09-23,Temperature,Aberdeenshire,Oats,52.12,52.12,52.12,,1
FARM_010,2023-10-03,Temperature,Aberdeenshire,Oats,14.61,14.61,14.61,,1
FARM_010,2023-10-16,Temperature,Aberdeenshire,Oats,35.13,35.13,35.13,,1
FARM_010,2023-10-19,Temperature,Aberdeenshire,Oats,10.83,10.83,10.83,,1
FARM_010,2023-10-20,Temperature,Aberdeenshire,Oats,48.17,48.17,48.17,,1
FARM_010,2023-10-21,Temperature,Aberdeenshire,Oats,52.12,52.12,52.12,,1
FARM_010,2023-10-27,Temperature,Aberdeenshire,Oats,38.09,36.26,39.92,2.59,2
FARM_011,2023-01-16,Temperature,Perthshire,Potatoes,13.47,13.47,13.47,,1
FARM_011,2023-01-20,Temperature,Perthshire,Potatoes,6.43,6.43,6.43,,1
FARM_011,2023-01-24,Temperature,Perthshire,Potatoes,53.45,53.45,53.45,,1
FARM_011,2023-02-01,Temperature,Perthshire,Potatoes,21.51,21.51,21.51,,1
FARM_011,2023-02-02,Temperature,Perthshire,Potatoes,27.27,27.27,27.27,,1
FARM_011,2023-02-03,Temperature,Perthshire,Potatoes,46.9,46.9,46.9,,1
FARM_011,2023-02-04,Temperature,Perthshire,Potatoes,72.21,72.21,72.21,,1
FARM_011,2023-02-15,Temperature,Perthshire,Potatoes,38.79,38.79,38.79,,1
FARM_011,2023-02-25,Temperature,Perthshire,Potatoes,32.01,32.01,32.01,,1
FARM_011,2023-02-26,Temperature,Perthshire,Potatoes,24.06,24.06,24.06,,1
FARM_011,2023-03-14,Temperature,Perthshire,Potatoes,55.58,55.58,55.58,,1
FARM_011,2023-03-19,Temperature,Perthshire,Potatoes,26.05,26.05,26.05,,1
FARM_011,2023-03-21,Temperature,Perthshire,Potatoes,35.98,35.98,35.98,,1
FARM_011,2023-03-23,Temperature,Perthshire,Potatoes,61.62,61.62,61.62,,1
FARM_011,2023-03-25,Temperature,Perthshire,Potatoes,46.14,23.12,69.15,32.55,2
FARM_011,2023-04-01,Temperature,Perthshire,Potatoes,29.55,29.55,29.55,,1
FARM_011,2023-04-06,Temperature,Perthshire,Potatoes,24.77,24.77,24.77,,1
FARM_011,2023-04-07,Temperature,Perthshire,Potatoes,59.23,59.23,59.23,,1
FARM_011,2023-04-18,Temperature,Perthshire,Potatoes,63.18,63.18,63.18,,1
FARM_011,2023-04-19,Temperature,Perthshire,Potatoes,21.5,21.5,21.5,,1
FARM_011,2023-04-20,Temperature,Perthshire,Potatoes,79.55,79.55,79.55,,1
FARM_011,2023-04-25,Temperature,Perthshire,Potatoes,52.14,52.14,52.14,,1
FARM_011,2023-04-27,Temperature,Perthshire,Potatoes,24.97,24.97,24.97,,1
FARM_011,2023-05-10,Temperature,Perthshire,Potatoes,6.78,6.78,6.78,,1
FARM_011,2023-05-14,Temperature,Perthshire,Potatoes,68.13,68.13,68.13,,1
FARM_011,2023-05-23,Temperature,Perthshire,Potatoes,45.78,45.78,45.78,,1
FARM_011,2023-05-26,Temperature,Perthshire,Potatoes,66.37,66.37,66.37,,1
FARM_011,2023-06-11,Temperature,Perthshire,Potatoes,74.14,74.14,74.14,,1
FARM_011,2023-06-14,Temperature,Perthshire,Potatoes,20.63,20.63,20.63,,1
FARM_011,2023-06-19,Temperature,Perthshire,Potatoes,32.15,32.15,32.15,,1
FARM_011,2023-06-26,Temperature,Perthshire,Potatoes,24.92,24.92,24.92,,1
FARM_011,2023-07-09,Temperature,Perthshire,Potatoes,72.17,72.17,72.17,,1
FARM_011,2023-07-19,Temperature,Perthshire,Potatoes,13.18,13.18,13.18,,1
FARM_011,2023-07-21,Temperature,Perthshire,Potatoes,55.74,55.74,55.74,,1
FARM_011,2023-07-27,Temperature,Perthshire,Potatoes,49.42,49.42,49.42,,1
FARM_011,2023-07-30,Temperature,Perthshire,Potatoes,66.18,66.18,66.18,,1
FARM_011,2023-08-02,Temperature,Perthshire,Potatoes,31.38,31.38,31.38,,1
FARM_011,2023-08-16,Temperature,Perthshire,Potatoes,64.43,64.43,64.43,,1
FARM_011,2023-08-19,Temperature,Perthshire,Potatoes,49.56,49.56,49.56,,1
FARM_011,2023-08-22,Temperature,Perthshire,Potatoes,65.57,65.57,65.57,,1
FARM_011,2023-08-31,Temperature,Perthshire,Potatoes,11.0,11.0,11.0,,1
FARM_011,2023-09-18,Temperature,Perthshire,Potatoes,41.33,41.33,41.33,,1
FARM_011,2023-09-27,Temperature,Perthshire,Potatoes,21.53,21.53,21.53,,1
FARM_011,2023-10-06,Temperature,Perthshire,Potatoes,33.47,33.47,33.47,,1
FARM_011,2023-10-09,Temperature,Perthshire,Potatoes,39.31,39.31,39.31,,1
FARM_011,2023-10-11,Temperature,Perthshire,Potatoes,19.03,19.03,19.03,,1
FARM_011,2023-10-13,Temperature,Perthshire,Potatoes,7.62,7.62,7.62,,1
FARM_011,2023-10-27,Temperature,Perthshire,Potatoes,53.67,53.67,53.67,,1
FARM_012,2023-01-03,Temperature,Perthshire,Wheat,22.99,22.99,22.99,,1
FARM_012,2023-01-04,Temperature,Perthshire,Wheat,25.87,25.87,25.87,,1
FARM_012,2023-01-13,Temperature,Perthshire,Wheat,47.87,47.87,47.87,,1
FARM_012,2023-01-17,Temperature,Perthshire,Wheat,39.73,39.73,39.73,,1
FARM_012,2023-01-20,Temperature,Perthshire,Wheat,54.28,54.28,54.28,,1
FARM_012,2023-02-03,Temperature,Perthshire,Wheat,72.76,72.76,72.76,,1
FARM_012,2023-02-11,Temperature,Perthshire,Wheat,5.81,5.81,5.81,,1
FARM_012,2023-02-19,Temperature,Perthshire,Wheat,38.38,38.38,38.38,,1
FARM_012,2023-02-28,Temperature,Perthshire,Wheat,53.65,53.65,53.65,,1
FARM_012,2023-03-05,Temperature,Perthshire,Wheat,58.99,58.99,58.99,,1
FARM_012,2023-03-08,Temperature,Perthshire,Wheat,48.35,48.35,48.35,,1
FARM_012,2023-04-01,Temperature,Perthshire,Wheat,8.1,8.1,8.1,,1
FARM_012,2023-04-10,Temperature,Perthshire,Wheat,10.54,10.54,10.54,,1
FARM_012,2023-04-27,Temperature,Perthshire,Wheat,24.78,24.78,24.78,,1
FARM_012,2023-05-08,Temperature,Perthshire,Wheat,16.21,16.21,16.21,,1
FARM_012,2023-05-15,Temperature,Perthshire,Wheat,23.63,23.63,23.63,,1
FARM_012,2023-05-26,Temperature,Perthshire,Wheat,46.97,46.97,46.97,,1
FARM_012,2023-06-07,Temperature,Perthshire,Wheat,41.81,41.81,41.81,,1
FARM_012,2023-06-12,Temperature,Perthshire,Wheat,25.32,25.32,25.32,,1
FARM_012,2023-06-18,Temperature,Perthshire,Wheat,32.93,32.93,32.93,,1
FARM_012,2023-06-20,Temperature,Perthshire,Wheat,12.21,12.21,12.21,,1
FARM_012,2023-06-27,Temperature,Perthshire,Wheat,39.04,39.04,39.04,,1
FARM_012,2023-07-01,Temperature,Perthshire,Wheat,61.73,61.73,61.73,,1
FARM_012,2023-07-13,Temperature,Perthshire,Wheat,10.89,10.89,10.89,,1
FARM_012,2023-07-14,Temperature,Perthshire,Wheat,11.8,11.8,11.8,,1
FARM_012,2023-07-22,Temperature,Perthshire,Wheat,28.99,13.36,44.62,22.1,2
FARM_012,2023-07-23,Temperature,Perthshire,Wheat,42.78,42.78,42.78,,1
FARM_012,2023-08-03,Temperature,Perthshire,Wheat,69.66,69.66,69.66,,1
FARM_012,2023-08-11,Temperature,Perthshire,Wheat,19.87,19.87,19.87,,1
FARM_012,2023-08-13,Temperature,Perthshire,Wheat,42.34,42.34,42.34,,1
FARM_012,2023-08-14,Temperature,Perthshire,Wheat,13.89,13.89,13.89,,1
FARM_012,2023-08-25,Temperature,Perthshire,Wheat,51.17,51.17,51.17,,1
FARM_012,2023-09-08,Temperature,Perthshire,Wheat,71.21,71.21,71.21,,1
FARM_012,2023-09-12,Temperature,Perthshire,Wheat,60.24,60.24,60.24,,1
FARM_012,2023-09-13,Temperature,Perthshire,Wheat,46.26,46.26,46.26,,1
FARM_012,2023-09-14,Temperature,Perthshire,Wheat,8.68,8.68,8.68,,1
FARM_012,2023-09-16,Temperature,Perthshire,Wheat,48.61,20.48,76.74,39.78,2
FARM_012,2023-09-19,Temperature,Perthshire,Wheat,30.45,30.45,30.45,,1
FARM_012,2023-09-21,Temperature,Perthshire,Wheat,5.37,5.37,5.37,,1
FARM_012,2023-09-22,Temperature,Perthshire,Wheat,27.32,27.32,27.32,,1
FARM_012,2023-10-01,Temperature,Perthshire,Wheat,36.66,36.66,36.66,,1
FARM_012,2023-10-03,Temperature,Perthshire,Wheat,78.81,78.81,78.81,,1
FARM_012,2023-10-28,Temperature,Perthshire,Wheat,36.24,36.24,36.24,,1
FARM_013,2023-01-14,Temperature,Aberdeenshire,Wheat,16.27,16.27,16.27,,1
FARM_013,2023-01-25,Temperature,Aberdeenshire,Wheat,48.27,48.27,48.27,,1
FARM_013,2023-02-05,Temperature,Aberdeenshire,Wheat,49.9,49.9,49.9,,1
FARM_013,2023-02-07,Temperature,Aberdeenshire,Wheat,67.55,67.55,67.55,,1
FARM_013,2023-02-18,Temperature,Aberdeenshire,Wheat,61.57,61.57,61.57,,1
FARM_013,2023-02-22,Temperature,Aberdeenshire,Wheat,31.44,25.91,36.98,7.83,2
FARM_013,2023-02-26,Temperature,Aberdeenshire,Wheat,64.98,64.98,64.98,,1
FARM_013,2023-03-02,Temperature,Aberdeenshire,Wheat,35.52,35.52,35.52,,1
FARM_013,2023-03-03,Temperature,Aberdeenshire,Wheat,19.69,19.69,19.69,,1
FARM_013,2023-03-06,Temperature,Aberdeenshire,Wheat,33.33,33.33,33.33,,1
FARM_013,2023-03-09,Temperature,Aberdeenshire,Wheat,50.13,50.13,50.13,,1
FARM_013,2023-04-04,Temperature,Aberdeenshire,Wheat,20.33,20.33,20.33,,1
FARM_013,2023-04-14,Temperature,Aberdeenshire,Wheat,74.58,74.58,74.58,,1
FARM_013,2023-04-21,Temperature,Aberdeenshire,Wheat,72.36,72.36,72.36,,1
FARM_013,2023-04-28,Temperature,Aberdeenshire,Wheat,63.36,63.36,63.36,,1
FARM_013,2023-05-02,Temperature,Aberdeenshire,Wheat,53.82,53.82,53.82,,1
FARM_013,2023-05-07,Temperature,Aberdeenshire,Wheat,78.43,78.43,78.43,,1
FARM_013,2023-05-08,Temperature,Aberdeenshire,Wheat,33.02,33.02,33.02,,1
FARM_013,2023-05-09,Temperature,Aberdeenshire,Wheat,39.43,39.43,39.43,,1
FARM_013,2023-05-10,Temperature,Aberdeenshire,Wheat,58.72,58.72,58.72,,1
FARM_013,2023-05-19,Temperature,Aberdeenshire,Wheat,34.86,34.86,34.86,,1
FARM_013,2023-05-21,Temperature,Aberdeenshire,Wheat,78.87,78.87,78.87,,1
FARM_013,2023-05-25,Temperature,Aberdeenshire,Wheat,64.94,52.01,77.87,18.29,2
FARM_013,2023-06-01,Temperature,Aberdeenshire,Wheat,57.47,55.19,59.75,3.22,2
FARM_013,2023-06-04,Temperature,Aberdeenshire,Wheat,10.25,10.25,10.25,,1
FARM_013,2023-06-05,Temperature,Aberdeenshire,Wheat,22.86,22.86,22.86,,1
FARM_013,2023-06-09,Temperature,Aberdeenshire,Wheat,52.51,52.51,52.51,,1
FARM_013,2023-06-13,Temperature,Aberdeenshire,Wheat,53.67,53.67,53.67,,1
FARM_013,2023-06-28,Temperature,Aberdeenshire,Wheat,38.78,9.47,68.1,41.46,2
FARM_013,2023-08-06,Temperature,Aberdeenshire,Wheat,49.95,49.95,49.95,,1
FARM_013,2023-08-10,Temperature,Aberdeenshire,Wheat,53.08,53.08,53.08,,1
FARM_013,2023-08-16,Temperature,Aberdeenshire,Wheat,21.62,21.62,21.62,,1
FARM_013,2023-08-17,Temperature,Aberdeenshire,Wheat,27.83,27.83,27.83,,1
FARM_013,2023-08-31,Temperature,Aberdeenshire,Wheat,5.73,5.73,5.73,,1
FARM_013,2023-09-19,Temperature,Aberdeenshire,Wheat,34.02,34.02,34.02,,1
FARM_013,2023-09-26,Temperature,Aberdeenshire,Wheat,9.25,9.25,9.25,,1
FARM_013,2023-09-27,Temperature,Aberdeenshire,Wheat,31.51,31.51,31.51,,1
FARM_013,2023-09-30,Temperature,Aberdeenshire,Wheat,24.77,24.77,24.77,,1
FARM_013,2023-10-03,Temperature,Aberdeenshire,Wheat,43.39,43.39,43.39,,1
FARM_013,2023-10-06,Temperature,Aberdeenshire,Wheat,64.74,64.74,64.74,,1
FARM_013,2023-10-15,Temperature,Aberdeenshire,Wheat,46.8,43.87,49.74,4.15,2
FARM_013,2023-10-16,Temperature,Aberdeenshire,Wheat,24.17,24.17,24.17,,1
FARM_013,2023-10-18,Temperature,Aberdeenshire,Wheat,14.36,14.36,14.36,,1
FARM_013,2023-10-26,Temperature,Aberdeenshire,Wheat,56.01,56.01,56.01,,1
FARM_013,2023-10-28,Temperature,Aberdeenshire,Wheat,39.34,39.34,39.34,,1
FARM_014,2023-01-11,Temperature,Highlands,Oats,24.75,16.24,33.26,12.03,2
FARM_014,2023-02-08,Temperature,Highlands,Oats,49.48,49.48,49.48,,1
FARM_014,2023-02-09,Temperature,Highlands,Oats,73.04,73.04,73.04,,1
FARM_014,2023-02-17,Temperature,Highlands,Oats,15.1,15.1,15.1,,1
FARM_014,2023-03-02,Temperature,Highlands,Oats,38.33,9.18,67.48,41.22,2
FARM_014,2023-03-12,Temperature,Highlands,Oats,16.12,16.12,16.12,,1
FARM_014,2023-03-15,Temperature,Highlands,Oats,39.68,39.68,39.68,,1
FARM_014,2023-03-30,Temperature,Highlands,Oats,19.12,19.12,19.12,,1
FARM_014,2023-04-02,Temperature,Highlands,Oats,53.85,53.85,53.85,,1
FARM_014,2023-04-14,Temperature,Highlands,Oats,47.2,47.2,47.2,,1
FARM_014,2023-04-21,Temperature,Highlands,Oats,10.0,10.0,10.0,,1
FARM_014,2023-04-26,Temperature,Highlands,Oats,66.48,66.48,66.48,,1
FARM_014,2023-05-04,Temperature,Highlands,Oats,28.27,28.27,28.27,,1
FARM_014,2023-05-06,Temperature,Highlands,Oats,41.62,41.62,41.62,,1
FARM_014,2023-05-07,Temperature,Highlands,Oats,30.18,30.18,30.18,,1
FARM_014,2023-05-17,Temperature,Highlands,Oats,29.28,29.28,29.28,,1
FARM_014,2023-05-20,Temperature,Highlands,Oats,17.42,17.42,17.42,,1
FARM_014,2023-05-24,Temperature,Highlands,Oats,47.41,47.41,47.41,,1
FARM_014,2023-05-31,Temperature,Highlands,Oats,12.08,12.08,12.08,,1
FARM_014,2023-06-20,Temperature,Highlands,Oats,63.26,63.26,63.26,,1
FARM_014,2023-06-23,Temperature,Highlands,Oats,75.62,75.62,75.62,,1
FARM_014,2023-06-29,Temperature,Highlands,Oats,7.13,7.13,7.13,,1
FARM_014,2023-07-14,Temperature,Highlands,Oats,27.87,27.87,27.87,,1
FARM_014,2023-07-19,Temperature,Highlands,Oats,67.27,67.27,67.27,,1
FARM_014,2023-07-21,Temperature,Highlands,Oats,34.11,34.11,34.11,,1
FARM_014,2023-07-23,Temperature,Highlands,Oats,36.09,19.08,53.1,24.06,2
FARM_014,2023-07-27,Temperature,Highlands,Oats,32.79,32.79,32.79,,1
FARM_014,2023-07-29,Temperature,Highlands,Oats,29.99,29.99,29.99,,1
FARM_014,2023-08-01,Temperature,Highlands,Oats,9.76,9.76,9.76,,1
FARM_014,2023-08-06,Temperature,Highlands,Oats,36.91,36.91,36.91,,1
FARM_014,2023-08-09,Temperature,Highlands,Oats,16.35,16.35,16.35,,1
FARM_014,2023-08-29,Temperature,Highlands,Oats,6.59,6.59,6.59,,1
FARM_014,2023-09-04,Temperature,Highlands,Oats,17.23,17.23,17.23,,1
FARM_014,2023-09-07,Temperature,Highlands,Oats,73.18,73.18,73.18,,1
FARM_014,2023-09-08,Temperature,Highlands,Oats,35.7,35.7,35.7,,1
FARM_014,2023-09-15,Temperature,Highlands,Oats,14.73,14.73,14.73,,1
FARM_014,2023-09-20,Temperature,Highlands,Oats,29.79,29.79,29.79,,1
FARM_014,2023-09-21,Temperature,Highlands,Oats,65.13,65.13,65.13,,1
FARM_014,2023-09-27,Temperature,Highlands,Oats,78.05,78.05,78.05,,1
FARM_014,2023-10-04,Temperature,Highlands,Oats,26.1,26.1,26.1,,1
FARM_014,2023-10-07,Temperature,Highlands,Oats,12.29,12.29,12.29,,1
FARM_014,2023-10-08,Temperature,Highlands,Oats,62.38,62.38,62.38,,1
FARM_014,2023-10-09,Temperature,Highlands,Oats,8.34,8.34,8.34,,1
FARM_014,2023-10-24,Temperature,Highlands,Oats,55.24,55.24,55.24,,1
FARM_014,2023-10-25,Temperature,Highlands,Oats,6.74,6.74,6.74,,1
FARM_014,2023-10-26,Temperature,Highlands,Oats,34.63,34.63,34.63,,1
FARM_015,2023-01-03,Temperature,Perthshire,Wheat,11.65,11.65,11.65,,1
FARM_015,2023-01-13,Temperature,Perthshire,Wheat,66.1,66.1,66.1,,1
FARM_015,2023-01-28,Temperature,Perthshire,Wheat,74.43,74.43,74.43,,1
FARM_015,2023-01-30,Temperature,Perthshire,Wheat,13.19,13.19,13.19,,1
FARM_015,2023-02-01,Temperature,Perthshire,Wheat,32.66,32.66,32.66,,1
FARM_015,2023-02-13,Temperature,Perthshire,Wheat,69.72,69.72,69.72,,1
FARM_015,2023-02-15,Temperature,Perthshire,Wheat,52.36,52.36,52.36,,1
FARM_015,2023-02-18,Temperature,Perthshire,Wheat,30.46,30.46,30.46,,1
FARM_015,2023-02-28,Temperature,Perthshire,Wheat,61.83,61.83,61.83,,1
FARM_015,2023-03-09,Temperature,Perthshire,Wheat,75.05,75.05,75.05,,1
FARM_015,2023-03-14,Temperature,Perthshire,Wheat,16.44,16.44,16.44,,1
FARM_015,2023-03-17,Temperature,Perthshire,Wheat,18.45,18.45,18.45,,1
FARM_015,2023-03-31,Temperature,Perthshire,Wheat,11.33,11.33,11.33,,1
FARM_015,2023-04-05,Temperature,Perthshire,Wheat,46.6,46.6,46.6,,1
FARM_015,2023-04-19,Temperature,Perthshire,Wheat,16.68,16.68,16.68,,1
FARM_015,2023-04-23,Temperature,Perthshire,Wheat,37.66,37.66,37.66,,1
FARM_015,2023-04-30,Temperature,Perthshire,Wheat,65.75,65.75,65.75,,1
FARM_015,2023-05-06,Temperature,Perthshire,Wheat,66.74,66.74,66.74,,1
FARM_015,2023-05-07,Temperature,Perthshire,Wheat,56.7,56.7,56.7,,1
FARM_015,2023-05-17,Temperature,Perthshire,Wheat,47.93,47.93,47.93,,1
FARM_015,2023-05-21,Temperature,Perthshire,Wheat,31.68,31.68,31.68,,1
FARM_015,2023-05-26,Temperature,Perthshire,Wheat,17.76,17.76,17.76,,1
FARM_015,2023-06-09,Temperature,Perthshire,Wheat,34.59,34.59,34.59,,1
FARM_015,2023-06-11,Temperature,Perthshire,Wheat,32.64,32.64,32.64,,1
FARM_015,2023-06-15,Temperature,Perthshire,Wheat,74.29,74.29,74.29,,1
FARM_015,2023-06-30,Temperature,Perthshire,Wheat,20.48,20.48,20.48,,1
FARM_015,2023-07-03,Temperature,Perthshire,Wheat,67.55,67.55,67.55,,1
FARM_015,2023-07-10,Temperature,Perthshire,Wheat,17.47,17.47,17.47,,1
FARM_015,2023-07-16,Temperature,Perthshire,Wheat,13.3,13.3,13.3,,1
FARM_015,2023-07-20,Temperature,Perthshire,Wheat,51.9,51.9,51.9,,1
FARM_015,2023-07-21,Temperature,Perthshire,Wheat,77.53,77.53,77.53,,1
FARM_015,2023-07-30,Temperature,Perthshire,Wheat,56.27,56.27,56.27,,1
FARM_015,2023-08-07,Temperature,Perthshire,Wheat,38.17,38.17,38.17,,1
FARM_015,2023-08-15,Temperature,Perthshire,Wheat,60.83,60.83,60.83,,1
FARM_015,2023-08-22,Temperature,Perthshire,Wheat,65.14,65.14,65.14,,1
FARM_015,2023-08-30,Temperature,Perthshire,Wheat,23.36,23.36,23.36,,1
FARM_015,2023-09-10,Temperature,Perthshire,Wheat,76.19,76.19,76.19,,1
FARM_015,2023-09-12,Temperature,Perthshire,Wheat,26.35,26.35,26.35,,1
FARM_015,2023-09-18,Temperature,Perthshire,Wheat,14.23,14.23,14.23,,1
FARM_015,2023-09-26,Temperature,Perthshire,Wheat,16.59,16.59,16.59,,1
FARM_015,2023-10-08,Temperature,Perthshire,Wheat,40.44,24.87,56.0,22.01,2
FARM_015,2023-10-20,Temperature,Perthshire,Wheat,41.54,41.54,41.54,,1
FARM_015,2023-10-23,Temperature,Perthshire,Wheat,61.18,61.18,61.18,,1
FARM_015,2023-10-26,Temperature,Perthshire,Wheat,23.6,23.6,23.6,,1
FARM_016,2023-01-04,Temperature,Fife,Oats,58.04,58.04,58.04,,1
FARM_016,2023-01-13,Temperature,Fife,Oats,38.64,38.64,38.64,,1
FARM_016,2023-01-21,Temperature,Fife,Oats,58.65,58.65,58.65,,1
FARM_016,2023-01-24,Temperature,Fife,Oats,27.48,27.48,27.48,,1
FARM_016,2023-01-30,Temperature,Fife,Oats,16.95,16.95,16.95,,1
FARM_016,2023-02-01,Temperature,Fife,Oats,78.01,78.01,78.01,,1
FARM_016,2023-02-10,Temperature,Fife,Oats,44.58,5.11,70.59,34.76,3
FARM_016,2023-02-15,Temperature,Fife,Oats,29.42,23.56,35.28,8.29,2
FARM_016,2023-03-01,Temperature,Fife,Oats,42.68,27.93,57.42,20.85,2
FARM_016,2023-03-11,Temperature,Fife,Oats,68.78,59.84,77.71,12.64,2
FARM_016,2023-03-19,Temperature,Fife,Oats,55.28,55.28,55.28,,1
FARM_016,2023-03-23,Temperature,Fife,Oats,13.29,13.29,13.29,,1
FARM_016,2023-04-01,Temperature,Fife,Oats,12.97,12.97,12.97,,1
FARM_016,2023-04-09,Temperature,Fife,Oats,14.49,14.49,14.49,,1
FARM_016,2023-04-14,Temperature,Fife,Oats,28.23,28.23,28.23,,1
FARM_016,2023-04-17,Temperature,Fife,Oats,20.89,20.89,20.89,,1
FARM_016,2023-05-05,Temperature,Fife,Oats,46.86,46.86,46.86,,1
FARM_016,2023-05-07,Temperature,Fife,Oats,75.95,75.95,75.95,,1
FARM_016,2023-05-08,Temperature,Fife,Oats,49.88,27.72,72.04,31.34,2
FARM_016,2023-05-21,Temperature,Fife,Oats,53.33,53.33,53.33,,1
FARM_016,2023-06-02,Temperature,Fife,Oats,33.51,33.51,33.51,,1
FARM_016,2023-06-04,Temperature,Fife,Oats,43.73,43.73,43.73,,1
FARM_016,2023-06-16,Temperature,Fife,Oats,27.9,13.72,42.09,20.06,2
FARM_016,2023-06-22,Temperature,Fife,Oats,72.04,72.04,72.04,,1
FARM_016,2023-07-14,Temperature,Fife,Oats,20.28,20.28,20.28,,1
FARM_016,2023-07-27,Temperature,Fife,Oats,41.64,41.64,41.64,,1
FARM_016,2023-08-21,Temperature,Fife,Oats,6.27,6.27,6.27,,1
FARM_016,2023-08-28,Temperature,Fife,Oats,23.74,23.74,23.74,,1
FARM_016,2023-08-29,Temperature,Fife,Oats,42.89,42.89,42.89,,1
FARM_016,2023-08-31,Temperature,Fife,Oats,41.69,22.63,65.17,21.61,3
FARM_016,2023-09-06,Temperature,Fife,Oats,8.69,8.69,8.69,,1
FARM_016,2023-09-18,Temperature,Fife,Oats,72.27,72.27,72.27,,1
FARM_016,2023-09-25,Temperature,Fife,Oats,64.93,64.93,64.93,,1
FARM_016,2023-10-03,Temperature,Fife,Oats,6.86,6.86,6.86,,1
FARM_016,2023-10-05,Temperature,Fife,Oats,68.35,68.35,68.35,,1
FARM_016,2023-10-26,Temperature,Fife,Oats,63.66,63.66,63.66,,1
FARM_017,2023-01-01,Temperature,Highlands,Carrots,53.52,53.52,53.52,,1
FARM_017,2023-01-03,Temperature,Highlands,Carrots,43.74,43.74,43.74,,1
FARM_017,2023-01-06,Temperature,Highlands,Carrots,35.3,35.3,35.3,,1
FARM_017,2023-01-07,Temperature,Highlands,Carrots,14.27,14.27,14.27,,1
FARM_017,2023-01-17,Temperature,Highlands,Carrots,62.78,62.78,62.78,,1
FARM_017,2023-01-18,Temperature,Highlands,Carrots,67.94,67.94,67.94,,1
FARM_017,2023-01-27,Temperature,Highlands,Carrots,77.11,77.11,77.11,,1
FARM_017,2023-02-03,Temperature,Highlands,Carrots,48.55,48.55,48.55,,1
FARM_017,2023-02-17,Temperature,Highlands,Carrots,8.92,8.92,8.92,,1
FARM_017,2023-02-25,Temperature,Highlands,Carrots,45.49,45.49,45.49,,1
FARM_017,2023-03-12,Temperature,Highlands,Carrots,12.76,12.76,12.76,,1
FARM_017,2023-03-20,Temperature,Highlands,Carrots,5.66,5.66,5.66,,1
FARM_017,2023-03-21,Temperature,Highlands,Carrots,60.53,60.53,60.53,,1
FARM_017,2023-03-22,Temperature,Highlands,Carrots,8.31,8.31,8.31,,1
FARM_017,2023-03-23,Temperature,Highlands,Carrots,50.79,50.79,50.79,,1
FARM_017,2023-03-28,Temperature,Highlands,Carrots,9.19,9.19,9.19,,1
FARM_017,2023-04-07,Temperature,Highlands,Carrots,54.68,54.68,54.68,,1
FARM_017,2023-04-10,Temperature,Highlands,Carrots,32.96,32.96,32.96,,1
FARM_017,2023-04-12,Temperature,Highlands,Carrots,70.4,70.4,70.4,,1
FARM_017,2023-04-17,Temperature,Highlands,Carrots,40.69,40.69,40.69,,1
FARM_017,2023-04-26,Temperature,Highlands,Carrots,39.21,39.21,39.21,,1
FARM_017,2023-05-15,Temperature,Highlands,Carrots,76.42,76.42,76.42,,1
FARM_017,2023-05-20,Temperature,Highlands,Carrots,36.08,36.08,36.08,,1
FARM_017,2023-05-30,Temperature,Highlands,Carrots,13.37,13.37,13.37,,1
FARM_017,2023-06-01,Temperature,Highlands,Carrots,13.95,13.95,13.95,,1
FARM_017,2023-06-05,Temperature,Highlands,Carrots,77.69,77.69,77.69,,1
FARM_017,2023-06-15,Temperature,Highlands,Carrots,11.84,11.84,11.84,,1
FARM_017,2023-06-20,Temperature,Highlands,Carrots,52.43,52.43,52.43,,1
FARM_017,2023-07-02,Temperature,Highlands,Carrots,49.07,49.07,49.07,,1
FARM_017,2023-07-09,Temperature,Highlands,Carrots,55.38,55.38,55.38,,1
FARM_017,2023-07-10,Temperature,Highlands,Carrots,22.45,22.45,22.45,,1
FARM_017,2023-07-18,Temperature,Highlands,Carrots,24.09,24.09,24.09,,1
FARM_017,2023-07-24,Temperature,Highlands,Carrots,6.77,6.77,6.77,,1
FARM_017,2023-08-09,Temperature,Highlands,Carrots,53.35,53.35,53.35,,1
FARM_017,2023-08-12,Temperature,Highlands,Carrots,69.44,69.44,69.44,,1
FARM_017,2023-08-20,Temperature,Highlands,Carrots,9.23,9.23,9.23,,1
FARM_017,2023-08-21,Temperature,Highlands,Carrots,19.06,19.06,19.06,,1
FARM_017,2023-09-01,Temperature,Highlands,Carrots,19.02,19.02,19.02,,1
FARM_017,2023-09-16,Temperature,Highlands,Carrots,6.0,6.0,6.0,,1
FARM_017,2023-09-18,Temperature,Highlands,Carrots,60.09,60.09,60.09,,1
FARM_017,2023-10-01,Temperature,Highlands,Carrots,58.21,58.21,58.21,,1
FARM_017,2023-10-20,Temperature,Highlands,Carrots,22.4,22.4,22.4,,1
FARM_017,2023-10-23,Temperature,Highlands,Carrots,52.96,52.96,52.96,,1
FARM_017,2023-10-26,Temperature,Highlands,Carrots,33.95,33.95,33.95,,1
FARM_018,2023-01-04,Temperature,Perthshire,Rye,64.21,64.21,64.21,,1
FARM_018,2023-01-20,Temperature,Perthshire,Rye,21.69,21.69,21.69,,1
FARM_018,2023-02-04,Temperature,Perthshire,Rye,79.17,79.17,79.17,,1
FARM_018,2023-02-05,Temperature,Perthshire,Rye,65.98,65.98,65.98,,1
FARM_018,2023-02-16,Temperature,Perthshire,Rye,30.66,30.66,30.66,,1
FARM_018,2023-02-17,Temperature,Perthshire,Rye,62.5,62.5,62.5,,1
FARM_018,2023-02-18,Temperature,Perthshire,Rye,32.3,32.3,32.3,,1
FARM_018,2023-02-25,Temperature,Perthshire,Rye,6.09,6.09,6.09,,1
FARM_018,2023-03-01,Temperature,Perthshire,Rye,19.91,19.91,19.91,,1
FARM_018,2023-03-06,Temperature,Perthshire,Rye,38.43,38.43,38.43,,1
FARM_018,2023-03-07,Temperature,Perthshire,Rye,29.82,29.82,29.82,,1
FARM_018,2023-03-08,Temperature,Perthshire,Rye,41.46,41.46,41.46,,1
FARM_018,2023-03-11,Temperature,Perthshire,Rye,15.29,15.29,15.29,,1
FARM_018,2023-03-17,Temperature,Perthshire,Rye,54.32,54.32,54.32,,1
FARM_018,2023-03-23,Temperature,Perthshire,Rye,55.1,55.1,55.1,,1
FARM_018,2023-03-27,Temperature,Perthshire,Rye,32.71,32.71,32.71,,1
FARM_018,2023-04-07,Temperature,Perthshire,Rye,58.88,38.16,79.59,29.3,2
FARM_018,2023-05-12,Temperature,Perthshire,Rye,34.25,34.25,34.25,,1
FARM_018,2023-05-17,Temperature,Perthshire,Rye,56.05,56.05,56.05,,1
FARM_018,2023-05-20,Temperature,Perthshire,Rye,72.23,72.23,72.23,,1
FARM_018,2023-05-24,Temperature,Perthshire,Rye,48.15,48.15,48.15,,1
FARM_018,2023-06-12,Temperature,Perthshire,Rye,77.64,77.64,77.64,,1
FARM_018,2023-06-16,Temperature,Perthshire,Rye,15.65,15.65,15.65,,1
FARM_018,2023-06-24,Temperature,Perthshire,Rye,43.51,43.51,43.51,,1
FARM_018,2023-07-04,Temperature,Perthshire,Rye,7.39,7.39,7.39,,1
FARM_018,2023-07-10,Temperature,Perthshire,Rye,53.38,53.38,53.38,,1
FARM_018,2023-07-15,Temperature,Perthshire,Rye,69.0,69.0,69.0,,1
FARM_018,2023-07-17,Temperature,Perthshire,Rye,40.37,40.37,40.37,,1
FARM_018,2023-07-23,Temperature,Perthshire,Rye,37.7,37.7,37.7,,1
FARM_018,2023-07-31,Temperature,Perthshire,Rye,55.67,55.67,55.67,,1
FARM_018,2023-08-03,Temperature,Perthshire,Rye,7.09,7.09,7.09,,1
FARM_018,2023-08-05,Temperature,Perthshire,Rye,5.29,5.29,5.29,,1
FARM_018,2023-08-07,Temperature,Perthshire,Rye,77.71,77.71,77.71,,1
FARM_018,2023-08-10,Temperature,Perthshire,Rye,30.54,30.54,30.54,,1
FARM_018,2023-08-12,Temperature,Perthshire,Rye,15.44,15.44,15.44,,1
FARM_018,2023-09-12,Temperature,Perthshire,Rye,74.71,74.71,74.71,,1
FARM_018,2023-09-16,Temperature,Perthshire,Rye,37.11,37.11,37.11,,1
FARM_018,2023-09-19,Temperature,Perthshire,Rye,34.14,34.14,34.14,,1
FARM_018,2023-09-23,Temperature,Perthshire,Rye,70.0,69.5,70.5,0.71,2
FARM_018,2023-09-27,Temperature,Perthshire,Rye,41.93,41.93,41.93,,1
FARM_018,2023-09-28,Temperature,Perthshire,Rye,66.5,66.5,66.5,,1
FARM_018,2023-10-15,Temperature,Perthshire,Rye,57.35,57.35,57.35,,1
FARM_018,2023-10-21,Temperature,Perthshire,Rye,16.66,16.66,16.66,,1
FARM_018,2023-10-23,Temperature,Perthshire,Rye,48.49,48.49,48.49,,1
FARM_018,2023-10-24,Temperature,Perthshire,Rye,75.51,75.51,75.51,,1
FARM_019,2023-01-10,Temperature,Highlands,Carrots,60.75,60.75,60.75,,1
FARM_019,2023-01-16,Temperature,Highlands,Carrots,44.28,44.28,44.28,,1
FARM_019,2023-01-20,Temperature,Highlands,Carrots,59.84,59.84,59.84,,1
FARM_019,2023-01-25,Temperature,Highlands,Carrots,43.56,32.45,54.67,15.71,2
FARM_019,2023-02-02,Temperature,Highlands,Carrots,9.14,9.14,9.14,,1
FARM_019,2023-02-06,Temperature,Highlands,Carrots,17.43,17.43,17.43,,1
FARM_019,2023-02-19,Temperature,Highlands,Carrots,26.43,26.43,26.43,,1
FARM_019,2023-02-25,Temperature,Highlands,Carrots,23.74,23.74,23.74,,1
FARM_019,2023-03-20,Temperature,Highlands,Carrots,50.53,50.53,50.53,,1
FARM_019,2023-03-21,Temperature,Highlands,Carrots,76.87,76.87,76.87,,1
FARM_019,2023-04-12,Temperature,Highlands,Carrots,43.85,43.85,43.85,,1
FARM_019,2023-04-24,Temperature,Highlands,Carrots,23.83,23.83,23.83,,1
FARM_019,2023-04-29,Temperature,Highlands,Carrots,40.89,40.89,40.89,,1
FARM_019,2023-05-01,Temperature,Highlands,Carrots,61.7,61.7,61.7,,1
FARM_019,2023-05-03,Temperature,Highlands,Carrots,55.9,55.9,55.9,,1
FARM_019,2023-05-16,Temperature,Highlands,Carrots,70.48,70.48,70.48,,1
FARM_019,2023-05-28,Temperature,Highlands,Carrots,78.51,78.51,78.51,,1
FARM_019,2023-05-29,Temperature,Highlands,Carrots,60.78,60.78,60.78,,1
FARM_019,2023-06-10,Temperature,Highlands,Carrots,7.72,7.72,7.72,,1
FARM_019,2023-06-15,Temperature,Highlands,Carrots,59.06,59.06,59.06,,1
FARM_019,2023-06-20,Temperature,Highlands,Carrots,64.02,64.02,64.02,,1
FARM_019,2023-06-25,Temperature,Highlands,Carrots,45.15,45.15,45.15,,1
FARM_019,2023-06-30,Temperature,Highlands,Carrots,43.75,43.75,43.75,,1
FARM_019,2023-07-04,Temperature,Highlands,Carrots,52.29,52.29,52.29,,1
FARM_019,2023-07-10,Temperature,Highlands,Carrots,60.67,46.89,74.45,19.49,2
FARM_019,2023-07-14,Temperature,Highlands,Carrots,67.2,67.2,67.2,,1
FARM_019,2023-07-23,Temperature,Highlands,Carrots,78.27,78.27,78.27,,1
FARM_019,2023-07-25,Temperature,Highlands,Carrots,52.98,52.98,52.98,,1
FARM_019,2023-08-04,Temperature,Highlands,Carrots,48.63,48.63,48.63,,1
FARM_019,2023-08-05,Temperature,Highlands,Carrots,31.74,31.74,31.74,,1
FARM_019,2023-08-18,Temperature,Highlands,Carrots,28.93,28.93,28.93,,1
FARM_019,2023-08-22,Temperature,Highlands,Carrots,75.58,75.58,75.58,,1
FARM_019,2023-08-30,Temperature,Highlands,Carrots,66.97,66.97,66.97,,1
FARM_019,2023-09-05,Temperature,Highlands,Carrots,76.83,76.83,76.83,,1
FARM_019,2023-09-21,Temperature,Highlands,Carrots,73.57,73.57,73.57,,1
FARM_019,2023-09-23,Temperature,Highlands,Carrots,47.96,47.96,47.96,,1
FARM_019,2023-09-26,Temperature,Highlands,Carrots,61.09,61.09,61.09,,1
FARM_019,2023-10-01,Temperature,Highlands,Carrots,28.12,28.12,28.12,,1
FARM_019,2023-10-03,Temperature,Highlands,Carrots,13.95,13.95,13.95,,1
FARM_019,2023-10-16,Temperature,Highlands,Carrots,14.74,6.27,23.21,11.98,2
FARM_019,2023-10-24,Temperature,Highlands,Carrots,49.5,49.5,49.5,,1
FARM_019,2023-10-26,Temperature,Highlands,Carrots,21.32,21.32,21.32,,1
FARM_020,2023-01-08,Temperature,Highlands,Barley,54.09,54.09,54.09,,1
FARM_020,2023-01-16,Temperature,Highlands,Barley,54.97,31.45,78.49,33.26,2
FARM_020,2023-01-17,Temperature,Highlands,Barley,44.45,44.45,44.45,,1
FARM_020,2023-01-30,Temperature,Highlands,Barley,51.55,51.55,51.55,,1
FARM_020,2023-02-08,Temperature,Highlands,Barley,22.12,22.12,22.12,,1
FARM_020,2023-02-11,Temperature,Highlands,Barley,24.26,24.26,24.26,,1
FARM_020,2023-02-15,Temperature,Highlands,Barley,41.51,41.51,41.51,,1
FARM_020,2023-02-16,Temperature,Highlands,Barley,6.56,6.56,6.56,,1
FARM_020,2023-02-27,Temperature,Highlands,Barley,75.81,75.81,75.81,,1
FARM_020,2023-02-28,Temperature,Highlands,Barley,53.75,53.75,53.75,,1
FARM_020,2023-03-06,Temperature,Highlands,Barley,78.01,78.01,78.01,,1
FARM_020,2023-03-14,Temperature,Highlands,Barley,76.56,76.56,76.56,,1
FARM_020,2023-03-30,Temperature,Highlands,Barley,47.89,47.89,47.89,,1
FARM_020,2023-04-02,Temperature,Highlands,Barley,55.8,55.8,55.8,,1
FARM_020,2023-04-07,Temperature,Highlands,Barley,61.13,61.13,61.13,,1
FARM_020,2023-04-12,Temperature,Highlands,Barley,60.65,60.65,60.65,,1
FARM_020,2023-04-23,Temperature,Highlands,Barley,75.49,75.49,75.49,,1
FARM_020,2023-04-27,Temperature,Highlands,Barley,75.24,71.69,78.78,5.01,2
FARM_020,2023-05-02,Temperature,Highlands,Barley,15.11,15.11,15.11,,1
FARM_020,2023-05-05,Temperature,Highlands,Barley,52.18,52.18,52.18,,1
FARM_020,2023-05-17,Temperature,Highlands,Barley,17.24,17.24,17.24,,1
FARM_020,2023-05-22,Temperature,Highlands,Barley,25.42,10.34,40.51,21.33,2
FARM_020,2023-05-25,Temperature,Highlands,Barley,48.31,48.31,48.31,,1
FARM_020,2023-05-30,Temperature,Highlands,Barley,24.19,24.19,24.19,,1
FARM_020,2023-06-10,Temperature,Highlands,Barley,44.56,44.56,44.56,,1
FARM_020,2023-06-13,Temperature,Highlands,Barley,19.57,19.57,19.57,,1
FARM_020,2023-06-21,Temperature,Highlands,Barley,76.54,76.54,76.54,,1
FARM_020,2023-06-29,Temperature,Highlands,Barley,64.75,64.75,64.75,,1
FARM_020,2023-07-04,Temperature,Highlands,Barley,51.75,51.75,51.75,,1
FARM_020,2023-07-05,Temperature,Highlands,Barley,22.02,22.02,22.02,,1
FARM_020,2023-07-24,Temperature,Highlands,Barley,35.09,35.09,35.09,,1
FARM_020,2023-08-13,Temperature,Highlands,Barley,60.83,60.83,60.83,,1
FARM_020,2023-08-18,Temperature,Highlands,Barley,76.95,76.95,76.95,,1
FARM_020,2023-08-19,Temperature,Highlands,Barley,10.86,10.86,10.86,,1
FARM_020,2023-08-24,Temperature,Highlands,Barley,36.17,36.17,36.17,,1
FARM_020,2023-08-25,Temperature,Highlands,Barley,22.85,22.85,22.85,,1
FARM_020,2023-08-26,Temperature,Highlands,Barley,13.59,13.59,13.59,,1
FARM_020,2023-09-20,Temperature,Highlands,Barley,60.16,60.16,60.16,,1
FARM_020,2023-09-28,Temperature,Highlands,Barley,19.11,19.11,19.11,,1
FARM_020,2023-10-12,Temperature,Highlands,Barley,8.13,8.13,8.13,,1
FARM_020,2023-10-14,Temperature,Highlands,Barley,15.46,15.46,15.46,,1
FARM_020,2023-10-16,Temperature,Highlands,Barley,52.62,52.62,52.62,,1
FARM_020,2023-10-21,Temperature,Highlands,Barley,32.49,32.49,32.49,,1
FARM_020,2023-10-28,Temperature,Highlands,Barley,34.46,34.46,34.46,,1
